observed_at,fetched_at,obscd,station,agency_type,wl,wl_flagged,wl_30m,wl_30m_flagged,wl_1h,wl_1h_flagged,wl_2h,wl_2h_flagged,alert,alarm,critical
2026-10-09 13:00,2026-10-09 13:20:22,11105201,Angono,002,12.1,False,12.1,True,12.1,False,12.09,False,,,
2026-10-09 13:00,2026-10-09 13:20:22,11102203,Burgos,001,27.29,False,27.29,False,27.29,False,27.3,False,27.40,27.90,28.40
2026-10-09 13:00,2026-10-09 13:20:22,11204202,Fort Santiago,002,11.32,True,11.32,True,11.32,False,11.42,True,12.00,12.50,13.00
2026-10-09 13:00,2026-10-09 13:20:22,11302201,La Mesa Dam,001,79.43,False,79.43,False,79.43,False,79.43,False,79.00,79.30,79.50
2026-10-09 13:00,2026-10-09 13:20:22,11203201,Mindanao,001,32.13,False,32.14,False,32.13,False,32.14,False,33.00,34.00,35.00
2026-10-09 13:00,2026-10-09 13:20:22,11102202,Montalban,002,22.14,False,22.14,True,22.14,False,22.14,False,22.40,23.00,23.60
2026-10-09 13:00,2026-10-09 13:20:22,11103202,Nangka,002,15.76,False,15.76,True,15.76,False,15.76,False,16.50,17.10,17.70
2026-10-09 13:00,2026-10-09 13:20:22,11202202,Napindan JS,002,0.0,True,0.0,True,0.0,True,0.0,True,,,
2026-10-09 13:00,2026-10-09 13:20:22,11201201,Napindan-1,001,11.53,True,11.53,True,11.53,True,11.53,True,13.50,14.00,14.50
2026-10-09 13:00,2026-10-09 13:20:22,11202201,Napindan-2,001,13.47,False,13.47,False,13.48,False,13.5,False,14.00,14.50,15.00
2026-10-09 13:00,2026-10-09 13:20:22,11204201,Pandacan,002,10.94,True,10.94,True,10.94,True,10.94,True,12.00,12.50,13.00
2026-10-09 13:00,2026-10-09 13:20:22,11302202,Quirino,001,37.49,False,37.49,False,37.49,False,37.49,False,39.00,40.00,41.00
2026-10-09 13:00,2026-10-09 13:20:22,11102201,Rodriguez,001,27.8,False,27.79,False,27.79,False,27.79,False,28.80,29.80,30.70
2026-10-09 13:00,2026-10-09 13:20:22,11106203,Rosario JS,002,0.0,True,0.0,True,0.0,True,0.0,True,,,
2026-10-09 13:00,2026-10-09 13:20:22,11106202,Rosario LS,002,0.0,True,0.0,True,0.0,True,0.0,True,,,
2026-10-09 13:00,2026-10-09 13:20:22,11203203,San Juan School,002,11.22,False,11.34,True,11.34,False,11.44,False,12.00,12.50,13.00
2026-10-09 13:00,2026-10-09 13:20:22,11103201,San Mateo-1,001,14.34,False,14.35,False,14.35,False,14.35,False,18.00,19.00,20.00
2026-10-09 13:00,2026-10-09 13:20:22,11104201,Sto Nino,001,12.49,False,12.49,False,12.46,False,12.49,False,,,
2026-10-09 13:00,2026-10-09 13:20:22,11104204,Sto Nino(MMDA),002,12.89,False,12.89,True,12.89,False,12.89,False,15.00,16.00,17.00
2026-10-09 13:00,2026-10-09 13:20:22,11103203,Tumana Bridge,001,12.87,False,12.87,False,12.87,False,12.87,False,17.26,18.26,19.26
2026-10-09 13:00,2026-10-09 13:20:22,11303201,Ugong,001,18.44,False,20.55,False,13.46,False,16.73,False,14.85,15.70,16.60
